{"cameraMode":{"drawMode":0,"name":"Shaded","section":"Shading Mode"},"sceneLighting":true,"audioPlay":false,"sceneViewState":{"m_AlwaysRefresh":false,"showFog":true,"showSkybox":true,"showFlares":true,"showImageEffects":true,"showParticleSystems":true,"showVisualEffectGraphs":true,"m_FxEnabled":true},"in2DMode":false,"pivot":{"x":59.23622131347656,"y":33.106689453125,"z":233.62847900390626},"rotation":{"x":0.016811851412057878,"y":0.0023273166734725239,"z":-0.000006835684416728327,"w":0.9999734163284302},"size":37.40624237060547,"orthographic":false}