{"cameraMode":{"drawMode":0,"name":"Shaded","section":"Shading Mode"},"sceneLighting":true,"audioPlay":false,"sceneViewState":{"m_AlwaysRefresh":false,"showFog":true,"showSkybox":true,"showFlares":true,"showImageEffects":true,"showParticleSystems":true,"showVisualEffectGraphs":true,"m_FxEnabled":true},"in2DMode":false,"pivot":{"x":-228.89703369140626,"y":-805.4366455078125,"z":-6991.86474609375},"rotation":{"x":0.003910148050636053,"y":0.9076352715492249,"z":-0.4199031591415405,"w":0.008427889086306095},"size":1310.4656982421875,"orthographic":false}