{"cameraMode":{"drawMode":0,"name":"Shaded","section":"Shading Mode"},"sceneLighting":true,"audioPlay":false,"sceneViewState":{"m_AlwaysRefresh":false,"showFog":true,"showSkybox":true,"showFlares":true,"showImageEffects":true,"showParticleSystems":true,"showVisualEffectGraphs":true,"m_FxEnabled":true},"in2DMode":false,"pivot":{"x":56.87141799926758,"y":5.734970569610596,"z":244.03929138183595},"rotation":{"x":0.003910148050636053,"y":0.9076352715492249,"z":-0.4199031591415405,"w":0.008427889086306095},"size":4.000533103942871,"orthographic":false}