{"cameraMode":{"drawMode":0,"name":"Shaded","section":"Shading Mode"},"sceneLighting":true,"audioPlay":false,"sceneViewState":{"m_AlwaysRefresh":false,"showFog":true,"showSkybox":true,"showFlares":true,"showImageEffects":true,"showParticleSystems":true,"showVisualEffectGraphs":true,"m_FxEnabled":true},"in2DMode":false,"pivot":{"x":296.14337158203127,"y":143.52835083007813,"z":-22.261077880859376},"rotation":{"x":-0.03930531442165375,"y":-0.0029179141856729986,"z":-0.000008191546839952935,"w":-0.99934321641922},"size":189.49691772460938,"orthographic":false}