{"cameraMode":{"drawMode":0,"name":"Shaded","section":"Shading Mode"},"sceneLighting":true,"audioPlay":false,"sceneViewState":{"m_AlwaysRefresh":false,"showFog":true,"showSkybox":true,"showFlares":true,"showImageEffects":true,"showParticleSystems":true,"showVisualEffectGraphs":true,"m_FxEnabled":true},"in2DMode":false,"pivot":{"x":32.888999938964847,"y":35.075225830078128,"z":256.727783203125},"rotation":{"x":0.137269526720047,"y":0.8460615873336792,"z":-0.2615349292755127,"w":0.44400668144226076},"size":0.0009708284633234143,"orthographic":false}