{"cameraMode":{"drawMode":0,"name":"Shaded","section":"Shading Mode"},"sceneLighting":true,"audioPlay":false,"sceneViewState":{"m_AlwaysRefresh":false,"showFog":true,"showSkybox":true,"showFlares":true,"showImageEffects":true,"showParticleSystems":true,"showVisualEffectGraphs":true,"m_FxEnabled":true},"in2DMode":false,"pivot":{"x":565.8570556640625,"y":105.12908172607422,"z":712.7066650390625},"rotation":{"x":0.1170557364821434,"y":0.0005068247555755079,"z":-0.000040641087252879515,"w":0.9932447671890259},"size":658.5463256835938,"orthographic":false}