{"cameraMode":{"drawMode":0,"name":"Shaded","section":"Shading Mode"},"sceneLighting":true,"audioPlay":false,"sceneViewState":{"m_AlwaysRefresh":false,"showFog":true,"showSkybox":true,"showFlares":true,"showImageEffects":true,"showParticleSystems":true,"showVisualEffectGraphs":true,"m_FxEnabled":true},"in2DMode":false,"pivot":{"x":292.74395751953127,"y":142.66917419433595,"z":-23.04883575439453},"rotation":{"x":-0.08691880851984024,"y":0.19749410450458527,"z":-0.017709387466311456,"w":-0.976405680179596},"size":0.8199139833450317,"orthographic":false}