{"cameraMode":{"drawMode":0,"name":"Shaded","section":"Shading Mode"},"sceneLighting":false,"audioPlay":false,"sceneViewState":{"m_AlwaysRefresh":false,"showFog":false,"showSkybox":false,"showFlares":false,"showImageEffects":false,"showParticleSystems":false,"showVisualEffectGraphs":true,"m_FxEnabled":true},"in2DMode":false,"pivot":{"x":-0.013463139533996582,"y":1.79263174533844,"z":-0.033475592732429507},"rotation":{"x":0.026383917778730394,"y":0.9610047936439514,"z":-0.09866465628147125,"w":0.2569875419139862},"size":2.891000747680664,"orthographic":false}