{"cameraMode":{"drawMode":0,"name":"Shaded","section":"Shading Mode"},"sceneLighting":false,"audioPlay":false,"sceneViewState":{"m_AlwaysRefresh":false,"showFog":true,"showSkybox":false,"showFlares":true,"showImageEffects":true,"showParticleSystems":true,"showVisualEffectGraphs":true,"m_FxEnabled":true},"in2DMode":false,"pivot":{"x":470.8294677734375,"y":186.0852813720703,"z":490.5516662597656},"rotation":{"x":0.001646948279812932,"y":0.9559744000434876,"z":-0.29342424869537356,"w":0.0053681982681155209},"size":146.43959045410157,"orthographic":false}